{
    "sequence":
    {
        "jump":       [{"id":1, "y":-10}, {"id":1, "y": 0},
                       {"id":1, "y": -8}, {"id":1, "y": 0},
                       {"id":1, "y": -4}, {"id":1, "y": 0},
                       {"id":1, "y": -4}, {"id":1, "y": 0},
                       {"id":1, "y": -4}, {"id":1, "y": 0},
                       {"id":1, "y":  0}, {"id":1, "y": 0},
                       {"id":1, "y":  0}, {"id":1, "y": 0},
                       {"id":1, "y":  4}, {"id":1, "y": 0},
                       {"id":1, "y":  4}, {"id":1, "y": 0},
                       {"id":1, "y":  4}, {"id":1, "y": 0},
                       {"id":1, "y":  8}, {"id":1, "y": 0},
                       {"id":1, "y": 10}],
        "explode":     [{"id":1}, {"id":1}, {"id":1},
                        {"id":2}, {"id":2}, {"id":2},
                        {"id":1}, {"id":1}, {"id":1},
                        {"id":2}, {"id":2}, {"id":2},
                        {"id":1}, {"id":1}, {"id":1},
                        {"id":2}, {"id":2}, {"id":2},
                        {"id":1}, {"id":1}, {"id":1},
                        {"id":2}, {"id":2}, {"id":2},
                        {"id":1}, {"id":1}, {"id":1},
                        {"id":2}, {"id":2}, {"id":2},
                        {"id":2}, {"id":2}, {"id":2},
                        {"id":2}, {"id":2}, {"id":2},
                        {"id":3}, {"id":3}, {"id":3},
                        {"id":4}, {"id":4}, {"id":4},
                        {"id":5}, {"id":5}, {"id":5},
                        {"id":6}, {"id":6}, {"id":6},
                        {"id":7}, {"id":7}, {"id":7},
                        {"id":8}, {"id":8}, {"id":8}],
        "back-wheel":  [{"id":2, "t": 100}, {"id":1, "t": 100}],
        "front-wheel": [{"id":4, "t": 100}, {"id":3, "t": 100}],
        "loose":       [-8, -8, -8, -8, -6, -6, -6, -6,
                        -4, -2,  2,  4,
                         6,  6,  6,  6,  8,  8,  8,  8,
                        -6, -6, -6, -6, -4, -4, -4, -4,
                        -2, -1,  1,  2,
                         4,  4,  4,  4,  6,  6,  6,  6,
                        -4, -4, -4, -4, -2, -2, -2, -2,
                        -1, -1,  1,  1,
                         2,  2,  2,  2,  4,  4,  4,  4]
    }
}
