{"frames": {

"alien-1":
{
	"frame": {"x":0,"y":0,"w":30,"h":16},
	"rotated": false,
	"trimmed": false,
	"spriteSourceSize": {"x":0,"y":0,"w":30,"h":16},
	"sourceSize": {"w":30,"h":16}
},
"base":
{
	"frame": {"x":30,"y":0,"w":262,"h":70},
	"rotated": false,
	"trimmed": false,
	"spriteSourceSize": {"x":0,"y":0,"w":262,"h":70},
	"sourceSize": {"w":262,"h":70}
},
"buggy-1":
{
	"frame": {"x":0,"y":70,"w":64,"h":38},
	"rotated": false,
	"trimmed": false,
	"spriteSourceSize": {"x":0,"y":0,"w":64,"h":38},
	"sourceSize": {"w":64,"h":38}
},
"buggy-2":
{
	"frame": {"x":64,"y":70,"w":64,"h":64},
	"rotated": false,
	"trimmed": false,
	"spriteSourceSize": {"x":0,"y":0,"w":64,"h":64},
	"sourceSize": {"w":64,"h":64}
},
"buggy-3":
{
	"frame": {"x":128,"y":70,"w":64,"h":64},
	"rotated": false,
	"trimmed": false,
	"spriteSourceSize": {"x":0,"y":0,"w":64,"h":64},
	"sourceSize": {"w":64,"h":64}
},
"explosion-1":
{
	"frame": {"x":192,"y":70,"w":96,"h":64},
	"rotated": false,
	"trimmed": false,
	"spriteSourceSize": {"x":0,"y":0,"w":96,"h":64},
	"sourceSize": {"w":96,"h":64}
},
"explosion-2":
{
	"frame": {"x":0,"y":134,"w":96,"h":64},
	"rotated": false,
	"trimmed": false,
	"spriteSourceSize": {"x":0,"y":0,"w":96,"h":64},
	"sourceSize": {"w":96,"h":64}
},
"explosion-3":
{
	"frame": {"x":96,"y":134,"w":96,"h":64},
	"rotated": false,
	"trimmed": false,
	"spriteSourceSize": {"x":0,"y":0,"w":96,"h":64},
	"sourceSize": {"w":96,"h":64}
},
"explosion-4":
{
	"frame": {"x":192,"y":134,"w":64,"h":32},
	"rotated": false,
	"trimmed": false,
	"spriteSourceSize": {"x":0,"y":0,"w":64,"h":32},
	"sourceSize": {"w":64,"h":32}
},
"explosion-5":
{
	"frame": {"x":256,"y":134,"w":64,"h":32},
	"rotated": false,
	"trimmed": false,
	"spriteSourceSize": {"x":0,"y":0,"w":64,"h":32},
	"sourceSize": {"w":64,"h":32}
},
"explosion-6":
{
	"frame": {"x":0,"y":198,"w":32,"h":32},
	"rotated": false,
	"trimmed": false,
	"spriteSourceSize": {"x":0,"y":0,"w":32,"h":32},
	"sourceSize": {"w":32,"h":32}
},
"explosion-7":
{
	"frame": {"x":32,"y":198,"w":32,"h":32},
	"rotated": false,
	"trimmed": false,
	"spriteSourceSize": {"x":0,"y":0,"w":32,"h":32},
	"sourceSize": {"w":32,"h":32}
},
"explosion-8":
{
	"frame": {"x":64,"y":198,"w":32,"h":32},
	"rotated": false,
	"trimmed": false,
	"spriteSourceSize": {"x":0,"y":0,"w":32,"h":32},
	"sourceSize": {"w":32,"h":32}
},
"hole-1":
{
	"frame": {"x":96,"y":198,"w":84,"h":74},
	"rotated": false,
	"trimmed": false,
	"spriteSourceSize": {"x":0,"y":0,"w":84,"h":74},
	"sourceSize": {"w":84,"h":74}
},
"hole-2":
{
	"frame": {"x":180,"y":198,"w":64,"h":42},
	"rotated": false,
	"trimmed": false,
	"spriteSourceSize": {"x":0,"y":0,"w":64,"h":42},
	"sourceSize": {"w":64,"h":42}
},
"hole-3":
{
	"frame": {"x":244,"y":198,"w":64,"h":42},
	"rotated": false,
	"trimmed": false,
	"spriteSourceSize": {"x":0,"y":0,"w":64,"h":42},
	"sourceSize": {"w":64,"h":42}
},
"rock-1":
{
	"frame": {"x":0,"y":272,"w":32,"h":32},
	"rotated": false,
	"trimmed": false,
	"spriteSourceSize": {"x":0,"y":0,"w":32,"h":32},
	"sourceSize": {"w":32,"h":32}
},
"rock-2":
{
	"frame": {"x":32,"y":272,"w":32,"h":32},
	"rotated": false,
	"trimmed": false,
	"spriteSourceSize": {"x":0,"y":0,"w":32,"h":32},
	"sourceSize": {"w":32,"h":32}
},
"rock-3":
{
	"frame": {"x":64,"y":272,"w":32,"h":32},
	"rotated": false,
	"trimmed": false,
	"spriteSourceSize": {"x":0,"y":0,"w":32,"h":32},
	"sourceSize": {"w":32,"h":32}
},
"rock-4":
{
	"frame": {"x":96,"y":272,"w":32,"h":32},
	"rotated": false,
	"trimmed": false,
	"spriteSourceSize": {"x":0,"y":0,"w":32,"h":32},
	"sourceSize": {"w":32,"h":32}
},
"soucer-1":
{
	"frame": {"x":128,"y":272,"w":32,"h":32},
	"rotated": false,
	"trimmed": false,
	"spriteSourceSize": {"x":0,"y":0,"w":32,"h":32},
	"sourceSize": {"w":32,"h":32}
},
"soucer-2":
{
	"frame": {"x":160,"y":272,"w":32,"h":32},
	"rotated": false,
	"trimmed": false,
	"spriteSourceSize": {"x":0,"y":0,"w":32,"h":32},
	"sourceSize": {"w":32,"h":32}
},
"soucer-3":
{
	"frame": {"x":192,"y":272,"w":32,"h":32},
	"rotated": false,
	"trimmed": false,
	"spriteSourceSize": {"x":0,"y":0,"w":32,"h":32},
	"sourceSize": {"w":32,"h":32}
},
"tank-1":
{
	"frame": {"x":224,"y":272,"w":32,"h":32},
	"rotated": false,
	"trimmed": false,
	"spriteSourceSize": {"x":0,"y":0,"w":32,"h":32},
	"sourceSize": {"w":32,"h":32}
},
"triball-1":
{
	"frame": {"x":256,"y":272,"w":32,"h":32},
	"rotated": false,
	"trimmed": false,
	"spriteSourceSize": {"x":0,"y":0,"w":32,"h":32},
	"sourceSize": {"w":32,"h":32}
},
"triball-2":
{
	"frame": {"x":288,"y":272,"w":32,"h":32},
	"rotated": false,
	"trimmed": false,
	"spriteSourceSize": {"x":0,"y":0,"w":32,"h":32},
	"sourceSize": {"w":32,"h":32}
},
"triball-3":
{
	"frame": {"x":0,"y":304,"w":32,"h":32},
	"rotated": false,
	"trimmed": false,
	"spriteSourceSize": {"x":0,"y":0,"w":32,"h":32},
	"sourceSize": {"w":32,"h":32}
},
"triball-4":
{
	"frame": {"x":32,"y":304,"w":32,"h":32},
	"rotated": false,
	"trimmed": false,
	"spriteSourceSize": {"x":0,"y":0,"w":32,"h":32},
	"sourceSize": {"w":32,"h":32}
},
"wheel-1":
{
	"frame": {"x":64,"y":304,"w":16,"h":18},
	"rotated": false,
	"trimmed": false,
	"spriteSourceSize": {"x":0,"y":0,"w":16,"h":18},
	"sourceSize": {"w":16,"h":18}
},
"wheel-2":
{
	"frame": {"x":80,"y":304,"w":16,"h":18},
	"rotated": false,
	"trimmed": false,
	"spriteSourceSize": {"x":0,"y":0,"w":16,"h":18},
	"sourceSize": {"w":16,"h":18}
},
"wheel-3":
{
	"frame": {"x":96,"y":304,"w":12,"h":16},
	"rotated": false,
	"trimmed": false,
	"spriteSourceSize": {"x":0,"y":0,"w":12,"h":16},
	"sourceSize": {"w":12,"h":16}
},
"wheel-4":
{
	"frame": {"x":108,"y":304,"w":12,"h":16},
	"rotated": false,
	"trimmed": false,
	"spriteSourceSize": {"x":0,"y":0,"w":12,"h":16},
	"sourceSize": {"w":12,"h":16}
}},
"meta": {
	"app": "http://www.codeandweb.com/texturepacker",
	"version": "1.0",
	"image": "arcade.png",
	"format": "RGBA8888",
	"size": {"w":336,"h":336},
	"scale": "1",
	"smartupdate": "$TexturePacker:SmartUpdate:921e9b561cdbaa2663b4e3fdaa5435c2:df6667c4bacc7bdce8cfe60b015b2b01:4ac60fa2f64b1c7a4d1a5080df2ca848$"
}
}
