{"frames": {

"alien-1":
{
	"frame": {"x":64,"y":52,"w":40,"h":32},
	"rotated": false,
	"trimmed": false,
	"spriteSourceSize": {"x":0,"y":0,"w":40,"h":32},
	"sourceSize": {"w":40,"h":32}
},
"base":
{
	"frame": {"x":0,"y":204,"w":262,"h":70},
	"rotated": false,
	"trimmed": false,
	"spriteSourceSize": {"x":0,"y":0,"w":262,"h":70},
	"sourceSize": {"w":262,"h":70}
},
"bomb-1":
{
	"frame": {"x":54,"y":0,"w":10,"h":10},
	"rotated": false,
	"trimmed": false,
	"spriteSourceSize": {"x":0,"y":0,"w":10,"h":10},
	"sourceSize": {"w":10,"h":10}
},
"bomb-2":
{
	"frame": {"x":44,"y":0,"w":10,"h":10},
	"rotated": false,
	"trimmed": false,
	"spriteSourceSize": {"x":0,"y":0,"w":10,"h":10},
	"sourceSize": {"w":10,"h":10}
},
"buggy-1":
{
	"frame": {"x":0,"y":116,"w":80,"h":38},
	"rotated": false,
	"trimmed": false,
	"spriteSourceSize": {"x":0,"y":0,"w":80,"h":38},
	"sourceSize": {"w":80,"h":38}
},
"buggy-2":
{
	"frame": {"x":0,"y":156,"w":80,"h":48},
	"rotated": false,
	"trimmed": false,
	"spriteSourceSize": {"x":0,"y":0,"w":80,"h":48},
	"sourceSize": {"w":80,"h":48}
},
"buggy-3":
{
	"frame": {"x":80,"y":156,"w":80,"h":48},
	"rotated": false,
	"trimmed": false,
	"spriteSourceSize": {"x":0,"y":0,"w":80,"h":48},
	"sourceSize": {"w":80,"h":48}
},
"explosion-1":
{
	"frame": {"x":104,"y":52,"w":80,"h":32},
	"rotated": false,
	"trimmed": false,
	"spriteSourceSize": {"x":0,"y":0,"w":80,"h":32},
	"sourceSize": {"w":80,"h":32}
},
"explosion-2":
{
	"frame": {"x":64,"y":84,"w":72,"h":32},
	"rotated": false,
	"trimmed": false,
	"spriteSourceSize": {"x":0,"y":0,"w":72,"h":32},
	"sourceSize": {"w":72,"h":32}
},
"explosion-3":
{
	"frame": {"x":0,"y":84,"w":64,"h":32},
	"rotated": false,
	"trimmed": false,
	"spriteSourceSize": {"x":0,"y":0,"w":64,"h":32},
	"sourceSize": {"w":64,"h":32}
},
"explosion-4":
{
	"frame": {"x":196,"y":0,"w":48,"h":20},
	"rotated": false,
	"trimmed": false,
	"spriteSourceSize": {"x":0,"y":0,"w":48,"h":20},
	"sourceSize": {"w":48,"h":20}
},
"explosion-5":
{
	"frame": {"x":96,"y":0,"w":36,"h":12},
	"rotated": false,
	"trimmed": false,
	"spriteSourceSize": {"x":0,"y":0,"w":36,"h":12},
	"sourceSize": {"w":36,"h":12}
},
"explosion-6":
{
	"frame": {"x":0,"y":0,"w":22,"h":6},
	"rotated": false,
	"trimmed": false,
	"spriteSourceSize": {"x":0,"y":0,"w":22,"h":6},
	"sourceSize": {"w":22,"h":6}
},
"explosion-7":
{
	"frame": {"x":34,"y":0,"w":10,"h":6},
	"rotated": false,
	"trimmed": false,
	"spriteSourceSize": {"x":0,"y":0,"w":10,"h":6},
	"sourceSize": {"w":10,"h":6}
},
"explosion-8":
{
	"frame": {"x":22,"y":0,"w":12,"h":6},
	"rotated": false,
	"trimmed": false,
	"spriteSourceSize": {"x":0,"y":0,"w":12,"h":6},
	"sourceSize": {"w":12,"h":6}
},
"hole-1":
{
	"frame": {"x":128,"y":116,"w":64,"h":40},
	"rotated": false,
	"trimmed": false,
	"spriteSourceSize": {"x":0,"y":0,"w":64,"h":40},
	"sourceSize": {"w":64,"h":40}
},
"hole-2":
{
	"frame": {"x":80,"y":116,"w":48,"h":40},
	"rotated": false,
	"trimmed": false,
	"spriteSourceSize": {"x":0,"y":0,"w":48,"h":40},
	"sourceSize": {"w":48,"h":40}
},
"hole-3":
{
	"frame": {"x":192,"y":116,"w":24,"h":40},
	"rotated": false,
	"trimmed": false,
	"spriteSourceSize": {"x":0,"y":0,"w":24,"h":40},
	"sourceSize": {"w":24,"h":40}
},
"rock-1":
{
	"frame": {"x":136,"y":84,"w":32,"h":32},
	"rotated": false,
	"trimmed": false,
	"spriteSourceSize": {"x":0,"y":0,"w":32,"h":32},
	"sourceSize": {"w":32,"h":32}
},
"rock-2":
{
	"frame": {"x":168,"y":84,"w":32,"h":32},
	"rotated": false,
	"trimmed": false,
	"spriteSourceSize": {"x":0,"y":0,"w":32,"h":32},
	"sourceSize": {"w":32,"h":32}
},
"rock-3":
{
	"frame": {"x":184,"y":52,"w":32,"h":32},
	"rotated": false,
	"trimmed": false,
	"spriteSourceSize": {"x":0,"y":0,"w":32,"h":32},
	"sourceSize": {"w":32,"h":32}
},
"rocket-1":
{
	"frame": {"x":64,"y":0,"w":32,"h":10},
	"rotated": false,
	"trimmed": false,
	"spriteSourceSize": {"x":0,"y":0,"w":32,"h":10},
	"sourceSize": {"w":32,"h":10}
},
"soucer-1":
{
	"frame": {"x":144,"y":20,"w":52,"h":32},
	"rotated": false,
	"trimmed": false,
	"spriteSourceSize": {"x":0,"y":0,"w":52,"h":32},
	"sourceSize": {"w":52,"h":32}
},
"soucer-2":
{
	"frame": {"x":40,"y":20,"w":52,"h":32},
	"rotated": false,
	"trimmed": false,
	"spriteSourceSize": {"x":0,"y":0,"w":52,"h":32},
	"sourceSize": {"w":52,"h":32}
},
"soucer-3":
{
	"frame": {"x":92,"y":20,"w":52,"h":32},
	"rotated": false,
	"trimmed": false,
	"spriteSourceSize": {"x":0,"y":0,"w":52,"h":32},
	"sourceSize": {"w":52,"h":32}
},
"tank-1":
{
	"frame": {"x":0,"y":20,"w":40,"h":28},
	"rotated": false,
	"trimmed": false,
	"spriteSourceSize": {"x":0,"y":0,"w":40,"h":28},
	"sourceSize": {"w":40,"h":28}
},
"triball-1":
{
	"frame": {"x":0,"y":52,"w":32,"h":32},
	"rotated": false,
	"trimmed": false,
	"spriteSourceSize": {"x":0,"y":0,"w":32,"h":32},
	"sourceSize": {"w":32,"h":32}
},
"triball-2":
{
	"frame": {"x":196,"y":20,"w":32,"h":32},
	"rotated": false,
	"trimmed": false,
	"spriteSourceSize": {"x":0,"y":0,"w":32,"h":32},
	"sourceSize": {"w":32,"h":32}
},
"triball-3":
{
	"frame": {"x":32,"y":52,"w":32,"h":32},
	"rotated": false,
	"trimmed": false,
	"spriteSourceSize": {"x":0,"y":0,"w":32,"h":32},
	"sourceSize": {"w":32,"h":32}
},
"triball-4":
{
	"frame": {"x":228,"y":20,"w":32,"h":32},
	"rotated": false,
	"trimmed": false,
	"spriteSourceSize": {"x":0,"y":0,"w":32,"h":32},
	"sourceSize": {"w":32,"h":32}
},
"wheel-1":
{
	"frame": {"x":164,"y":0,"w":16,"h":16},
	"rotated": false,
	"trimmed": false,
	"spriteSourceSize": {"x":0,"y":0,"w":16,"h":16},
	"sourceSize": {"w":16,"h":16}
},
"wheel-2":
{
	"frame": {"x":148,"y":0,"w":16,"h":16},
	"rotated": false,
	"trimmed": false,
	"spriteSourceSize": {"x":0,"y":0,"w":16,"h":16},
	"sourceSize": {"w":16,"h":16}
},
"wheel-3":
{
	"frame": {"x":180,"y":0,"w":16,"h":16},
	"rotated": false,
	"trimmed": false,
	"spriteSourceSize": {"x":0,"y":0,"w":16,"h":16},
	"sourceSize": {"w":16,"h":16}
},
"wheel-4":
{
	"frame": {"x":132,"y":0,"w":16,"h":16},
	"rotated": false,
	"trimmed": false,
	"spriteSourceSize": {"x":0,"y":0,"w":16,"h":16},
	"sourceSize": {"w":16,"h":16}
}},
"meta": {
	"app": "http://www.codeandweb.com/texturepacker",
	"version": "1.0",
	"image": "atari.png",
	"format": "RGBA8888",
	"size": {"w":274,"h":274},
	"scale": "1",
	"smartupdate": "$TexturePacker:SmartUpdate:3811c3ac8b35e90b75b96e33764eed75:7abefec3e8d7318db94db6fe3b402e54:215515b68b462fd27fb076f24316d7be$"
}
}
