{
    "begginer":
        [
            {"id":"@",
                "obstacles":
                [
                    {"type": "hole", "size": "?", "x":1300},
                    {"type": "hole", "size": "?", "x":1600},
                    {"type": "rock", "size": "2", "x":1800},
                    {"type": "hole", "size": "3", "x":2100},
                    {"type": "rock", "size": "2", "x":2300}
                ]
            },
            {"id":"A",
                "obstacles":
                [
                    {"type": "h", "size": "?", "x":1000}
                ],
                "enemies":
                [
                    {"type": "alien", "amount": 2, "t":0},
                    {"type": "soucer", "amount": 2, "t":2}
                ]
            },
            {"id": "B"},
            {"id": "C"},
            {"id": "D"},
            {"id": "E"},
            {"id": "F"},
            {"id": "G"},
            {"id": "H"},
            {"id": "I"},
            {"id": "J"},
            {"id": "K"},
            {"id": "L"},
            {"id": "M"},
            {"id": "N"},
            {"id": "O"},
            {"id": "P"},
            {"id": "Q"},
            {"id": "R"},
            {"id": "S"},
            {"id": "T"},
            {"id": "U"},
            {"id": "V"},
            {"id": "W"},
            {"id": "X"},
            {"id": "Y"},
            {"id": "Z"}
        ],
    "champion":
        [
            {"id": "@"},
            {"id": "A"},
            {"id": "B"},
            {"id": "C"},
            {"id": "D"},
            {"id": "E"},
            {"id": "F"},
            {"id": "G"},
            {"id": "H"},
            {"id": "I"},
            {"id": "J"},
            {"id": "K"},
            {"id": "L"},
            {"id": "M"},
            {"id": "N"},
            {"id": "O"},
            {"id": "P"},
            {"id": "Q"},
            {"id": "R"},
            {"id": "S"},
            {"id": "T"},
            {"id": "U"},
            {"id": "V"},
            {"id": "W"},
            {"id": "X"},
            {"id": "Y"},
            {"id": "Z"}
        ]
}
